MOR532_meter_filt,LWC_gramPerMeter3_filt
NaN,NaN
NaN,NaN
NaN,NaN
NaN,NaN
NaN,NaN
NaN,NaN
NaN,NaN
NaN,NaN
NaN,NaN
NaN,NaN
NaN,NaN
NaN,NaN
NaN,NaN
NaN,NaN
NaN,NaN
NaN,NaN
NaN,NaN
NaN,NaN
NaN,NaN
NaN,NaN
NaN,NaN
NaN,NaN
NaN,NaN
NaN,NaN
NaN,NaN
NaN,NaN
NaN,NaN
NaN,NaN
NaN,NaN
NaN,NaN
NaN,NaN
NaN,NaN
NaN,NaN
NaN,NaN
NaN,NaN
NaN,NaN
NaN,NaN
NaN,NaN
NaN,NaN
NaN,NaN
NaN,NaN
NaN,NaN
NaN,NaN
NaN,NaN
NaN,NaN
NaN,NaN
NaN,NaN
NaN,NaN
NaN,NaN
NaN,NaN
NaN,NaN
NaN,NaN
NaN,NaN
NaN,NaN
NaN,NaN
NaN,NaN
NaN,NaN
NaN,NaN
NaN,NaN
NaN,NaN
NaN,NaN
NaN,NaN
NaN,NaN
NaN,NaN
NaN,NaN
NaN,NaN
NaN,NaN
NaN,NaN
NaN,NaN
NaN,NaN
NaN,NaN
NaN,NaN
NaN,NaN
NaN,NaN
NaN,NaN
NaN,NaN
NaN,NaN
NaN,NaN
NaN,NaN
NaN,NaN
NaN,NaN
NaN,NaN
NaN,NaN
NaN,NaN
NaN,NaN
NaN,NaN
NaN,NaN
NaN,NaN
NaN,NaN
NaN,NaN
NaN,NaN
NaN,NaN
NaN,NaN
NaN,NaN
NaN,NaN
NaN,NaN
NaN,NaN
NaN,NaN
NaN,NaN
NaN,NaN
NaN,NaN
NaN,NaN
NaN,NaN
NaN,NaN
NaN,NaN
NaN,NaN
NaN,NaN
NaN,NaN
NaN,NaN
NaN,NaN
NaN,NaN
NaN,NaN
NaN,NaN
NaN,NaN
NaN,NaN
NaN,NaN
NaN,NaN
NaN,NaN
NaN,NaN
NaN,NaN
NaN,NaN
NaN,NaN
NaN,NaN
NaN,NaN
NaN,NaN
NaN,NaN
NaN,NaN
NaN,NaN
NaN,NaN
NaN,NaN
NaN,NaN
NaN,NaN
NaN,NaN
NaN,NaN
